Walking speed measurements;;;;;;;;;;;;;;;;;;;
ID ;Start time;End time;Total time;Speed (km/h);Gender;Age;Road class;Condition;Place;Notes;Data collector;;;;;;;;
1;13;26;13;5.54;Female;Adult;2;Compact snow;Arabia;;Elias;;;;;;;;
2;13;31;18;4.00;Female;Adult;2;Compact snow;Arabia;;Elias;;;;;;;;
3;52;65;13;5.54;Female;Adult;2;Compact snow;Arabia;;Elias;;;;;;;;
4;34;50;16;4.50;Female;Adult;2;Compact snow;Arabia;;Elias;;;;;;;;
5;53;66;13;5.54;Female;Adult;2;Compact snow;Arabia;;Elias;;;;;;;;
6;02;16;14;5.14;Male;Adult;2;Compact snow;Arabia;;Elias;;;;;;;;
7;56;72;16;4.50;Female;Elderly;2;Compact snow;Arabia;;Elias;;;;;;;;
8;51;66;15;4.80;Female;Adult;2;Compact snow;Arabia;;Elias;;;;;;;;
9;6;24;18;4.00;Female;Adult;2;Compact snow;Arabia;;Elias;;;;;;;;
10;59;73;14;5.14;Male;Adult;2;Compact snow;Arabia;;Elias;;;;;;;;
11;0;15;15;4.80;Female;Adult;2;Compact snow;Arabia;;Elias;;;;;;;;
12;3;17;14;5.14;Female;Adult;2;Compact snow;Arabia;;Elias;;;;;;;;
13;37;51;14;5.14;Female;Adult;2;Compact snow;Arabia;;Elias;;;;;;;;
14;40;59;19;3.79;Female;Elderly;2;Compact snow;Arabia;;Elias;;;;;;;;
15;25;39;14;5.14;Female;Adult;2;Compact snow;Arabia;;Elias;;;;;;;;
16;57;69;12;6.00;Male;Adult;2;Compact snow;Arabia;;Elias;;;;;;;;
17;5;23;18;4.00;Female;Elderly;2;Compact snow;Arabia;;Elias;;;;;;;;
18;2;14;12;6.00;Male;Adult;2;Compact snow;Arabia;;Elias;;;;;;;;
19;36;53;17;4.24;Female;Adult;2;Compact snow;Arabia;;Elias;;;;;;;;
20;18;34;16;4.50;Male;Adult;2;Compact snow;Arabia;;Elias;;;;;;;;
21;11;33;22;3.27;Male;Elderly;2;Compact snow;Arabia;;Elias;;;;;;;;
22;38;51;13;5.54;Female;Adult;2;Compact snow;Arabia;;Elias;;;;;;;;
23;36;79;43;1.67;Male;Adult;2;Compact snow;Arabia;;Elias;;;;;;;;
24;57;73;16;4.50;Female;Young adult;2;Compact snow;Arabia;;Elias;;;;;;;;
25;10;28;18;4.00;Male;Young adult;2;Compact snow;Arabia;;Elias;;;;;;;;
26;2;18;16;4.50;Male;Adult;2;Compact snow;Arabia;;Elias;;;;;;;;
27;26;40;14;5.14;Male;Adult;2;Compact snow;Arabia;;Elias;;;;;;;;
28;29;43;14;5.14;Female;Adult;2;Compact snow;Arabia;;Elias;;;;;;;;
29;0;17;17;4.24;Male;Elderly;2;Compact snow;Arabia;;Elias;;;;;;;;
30;52;72;20;3.60;Female;Elderly;2;Compact snow;Arabia;;Elias;;;;;;;;
31;22;43;21;3.43;Female;Elderly;2;Compact snow;Arabia;;Elias;;;;;;;;
32;39;55;16;4.50;Male;Adult;2;Compact snow;Arabia;;Elias;;;;;;;;
33;44;58;14;5.14;Male;Adult;2;Compact snow;Arabia; baby carriage ;Elias;;;;;;;;
34;55;72;17;4.24;Male;Adult;2;Compact snow;Arabia;;Elias;;;;;;;;
35;2;20;18;4.00;Female;Adult;2;Compact snow;Arabia;;Elias;;;;;;;;
36;20;37;17;4.24;Female;Elderly;2;Compact snow;Arabia;;Elias;;;;;;;;
37;6;53;47;1.53;Female;Adult;2;Compact snow;Arabia;;Elias;;;;;;;;
38;47;59;12;6.00;Male;Adult;2;Compact snow;Arabia;;Elias;;;;;;;;
39;1;16;15;4.80;Male;Adult;2;Compact snow;Arabia;;Elias;;;;;;;;
40;2;20;18;4.00;Female;Young adult;2;Compact snow;Arabia;;Elias;;;;;;;;
41;19;31;12;6.00;Female;Adult;2;Compact snow;Arabia;;Elias;;;;;;;;
42;53;83;30;2.40;Female;Adult;2;Compact snow;Arabia;stopped to look at the phone;Elias;;;;;;;;
43;7;21;14;5.14;Female;Adult;2;Compact snow;Arabia;;Elias;;;;;;;;
44;25;43;18;4.00;Male;Adult;2;Compact snow;Arabia;;Elias;;;;;;;;
45;14;29;15;4.80;Female;Adult;2;Compact snow;Arabia;;Elias;;;;;;;;
46;19;35;16;4.50;Female;Adult;2;Compact snow;Arabia;;Elias;;;;;;;;
47;34;50;16;4.50;Male;Young adult;4;2-8cm snow;Arabianranta;;Elias;;;;;;;;
48;16;34;18;4.00;Female;Elderly;4;2-8cm snow;Arabianranta;;Elias;;;;;;;;
49;2;24;22;3.27;Female;Elderly;4;2-8cm snow;Arabianranta;;Elias;;;;;;;;
50;36;51;15;4.80;Female;Adult;4;2-8cm snow;Arabianranta;;Elias;;;;;;;;
51;13;30;17;4.24;Female;Adult;4;2-8cm snow;Arabianranta;;Elias;;;;;;;;
52;38;53;15;4.80;Female;Elderly;4;2-8cm snow;Arabianranta;;Elias;;;;;;;;
53;55;70;15;4.80;Male;Adult;4;2-8cm snow;Arabianranta;;Elias;;;;;;;;
54;44;60;16;4.50;Female;Adult;4;2-8cm snow;Arabianranta;;Elias;;;;;;;;
55;52;69;17;4.24;Male;Adult;4;2-8cm snow;Arabianranta;;Elias;;;;;;;;
56;9;24;15;4.80;Male;Adult;4;2-8cm snow;Arabianranta;;Elias;;;;;;;;
57;37;50;13;5.54;Female;Adult;4;2-8cm snow;Arabianranta;;Elias;;;;;;;;
58;53;72;19;3.79;Female;Adult;4;2-8cm snow;Arabianranta;;Elias;;;;;;;;
59;19;32;13;5.54;Female;Adult;4;2-8cm snow;Arabianranta;;Elias;;;;;;;;
60;48;64;16;4.50;Male;Elderly;4;2-8cm snow;Arabianranta;;Elias;;;;;;;;
61;4;18;14;5.14;Female;Adult;4;2-8cm snow;Arabianranta;;Elias;;;;;;;;
62;59;76;17;4.24;Female;Adult;4;2-8cm snow;Arabianranta;;Elias;;;;;;;;
63;30;41;11;6.55;Female;Adult;4;2-8cm snow;Arabianranta;;Elias;;;;;;;;
64;36;52;16;4.50;Male;Adult;4;2-8cm snow;Arabianranta;;Elias;;;;;;;;
65;59;75;16;4.50;Female;Adult;4;2-8cm snow;Arabianranta;;Elias;;;;;;;;
66;9;27;18;4.00;Female;Adult;4;2-8cm snow;Arabianranta;;Elias;;;;;;;;
67;52;67;15;4.80;Female;Adult;4;2-8cm snow;Arabianranta;;Elias;;;;;;;;
68;9;29;20;3.60;Female;Adult;4;2-8cm snow;Arabianranta;;Elias;;;;;;;;
69;25;42;17;3.98;Female;Adult;4;2-8cm snow;Arabianranta;;Elias;;;;;;;;
70;34;49;15;4.80;Male;Adult;4;2-8cm snow;Arabianranta;;Elias;;;;;;;;
71;10;26;16;4.50;Female;Adult;4;2-8cm snow;Arabianranta;;Elias;;;;;;;;
72;50;65;15;4.80;Female;Adult;4;2-8cm snow;Arabianranta;;Elias;;;;;;;;
73;30;44;14;5.14;Male;Adult;4;2-8cm snow;Arabianranta;;Elias;;;;;;;;
74;9;31;22;3.27;Male;Adult;4;2-8cm snow;Arabianranta;with kid and dog;Elias;;;;;;;;
75;48;64;16;4.50;Female;Elderly;4;2-8cm snow;Arabianranta;;Elias;;;;;;;;
76;17;33;16;4.50;Male;Young adult;4;2-8cm snow;Arabianranta;;Elias;;;;;;;;
77;59;76;17;4.24;Female;Adult;4;2-8cm snow;Arabianranta;;Elias;;;;;;;;
78;56;74;18;4.00;Female;Adult;4;2-8cm snow;Arabianranta;;Elias;;;;;;;;
79;0;18;18;4.00;Male;Adult;4;2-8cm snow;Arabianranta;;Elias;;;;;;;;
80;58;77;19;3.79;Male;Elderly;4;2-8cm snow;Arabianranta;;Elias;;;;;;;;
81;2;26;24;3.00;Female;Adult;4;2-8cm snow;Arabianranta;;Elias;;;;;;;;
82;3;19;16;4.50;Female;Elderly;4;2-8cm snow;Arabianranta;;Elias;;;;;;;;
83;34;49;15;4.80;Female;Adult;4;2-8cm snow;Arabianranta;;Elias;;;;;;;;
84;10;24;14;5.14;Female;Adult;4;2-8cm snow;Arabianranta;;Elias;;;;;;;;
85;37;58;21;3.43;Female;Adult;4;2-8cm snow;Arabianranta;;Elias;;;;;;;;
86;47;62;15;4.80;Female;Elderly;4;2-8cm snow;Arabianranta;;Elias;;;;;;;;
87;56;69;13;5.54;Male;Adult;4;2-8cm snow;Arabianranta;;Elias;;;;;;;;
88;23;35;12;6.00;Female;Adult;4;2-8cm snow;Arabianranta;;Elias;;;;;;;;
89;50;70;20;3.60;Female;Adult;4;2-8cm snow;Arabianranta;with phone;Elias;;;;;;;;
90;0;18;18;4.00;Female;Adult;4;2-8cm snow;Arabianranta;;Elias;;;;;;;;
91;39;59;20;3.60;Female;Elderly;4;2-8cm snow;Arabianranta;;Elias;;;;;;;;
92;14;33;19;3.79;Female;Adult;4;2-8cm snow;Arabianranta;with kid;Elias;;;;;;;;
93;25;40;15;4.80;Male;Adult;4;2-8cm snow;Arabianranta;;Elias;;;;;;;;
94;38;62;24;3.00;Female;Adult;4;2-8cm snow;Arabianranta;;Elias;;;;;;;;
95;16;28;12;6.00;Male;Adult;4;2-8cm snow;Arabianranta;with dog and phone;Elias;;;;;;;;
96;38;56;18;4.00;Male;Adult;4;2-8cm snow;Arabianranta;;Elias;;;;;;;;
97;53;71;18;4.00;Male;Adult;4;2-8cm snow;Arabianranta;;Elias;;;;;;;;
98;7;28;21;3.43;Female;Adult;4;2-8cm snow;Arabianranta;;Elias;;;;;;;;
99;25;46;21;3.43;Female;Adult;4;2-8cm snow;Arabianranta;with kid;Elias;;;;;;;;
100;53;69;16;4.50;Female;Adult;4;2-8cm snow;Arabianranta;;Elias;;;;;;;;
101;11;26;15;4.80;Female;Adult;4;2-8cm snow;Arabianranta;;Elias;;;;;;;;
102;11;24;13;5.54;Female;Young adult;4;2-8cm snow;Arabianranta;;Elias;;;;;;;;
103;18;33;15;4.80;Male;Elderly;4;2-8cm snow;Arabianranta;;Elias;;;;;;;;
104;25;39;14;5.14;Female;Adult;4;2-8cm snow;Arabianranta;;Elias;;;;;;;;
105;44;59;15;4.80;Female;Adult;4;2-8cm snow;Arabianranta;with dog;Elias;;;;;;;;
106;16;30;14;5.14;Female;Elderly;4;2-8cm snow;Arabianranta;;Elias;;;;;;;;
107;48;64;16;4.50;Female;Adult;4;2-8cm snow;Arabianranta;;Elias;;;;;;;;
108;11;31;20;3.60;Male;Elderly;1;Compact snow;Koskela;;Elias;;;;;;;;
109;18;38;20;3.60;Female;Elderly;1;Compact snow;Koskela;;Elias;;;;;;;;
110;5;23;18;4.00;Female;Elderly;1;Compact snow;Koskela;;Elias;;;;;;;;
111;58;75;17;4.24;Female;Adult;1;Compact snow;Koskela;;Elias;;;;;;;;
112;54;67;13;5.54;Female;Adult;1;Compact snow;Koskela;;Elias;;;;;;;;
113;19;35;16;4.50;Female;Elderly;1;Compact snow;Koskela;;Elias;;;;;;;;
114;47;63;16;4.50;Female;Elderly;1;Compact snow;Koskela;;Elias;;;;;;;;
115;17;32;15;4.80;Male;Adult;1;Compact snow;Koskela;;Elias;;;;;;;;
116;5;20;15;4.80;Male;Adult;1;Compact snow;Koskela;;Elias;;;;;;;;
117;29;46;17;4.24;Female;Adult;1;Compact snow;Koskela;;Elias;;;;;;;;
118;33;56;23;3.13;Female;Elderly;1;Compact snow;Koskela;;Elias;;;;;;;;
119;29;43;14;5.14;Male;Young adult;1;Compact snow;Koskela;;Elias;;;;;;;;
120;43;58;15;4.80;Female;Adult;1;Compact snow;Koskela;;Elias;;;;;;;;
121;58;77;19;3.79;Female;Adult;1;Compact snow;Koskela;;Elias;;;;;;;;
122;21;37;16;4.50;Male;Adult;1;Compact snow;Koskela;baby carriage ;Elias;;;;;;;;
123;4;19;15;4.80;Male;Adult;1;Compact snow;Koskela;;Elias;;;;;;;;
124;36;67;31;2.32;Female;Elderly;1;Compact snow;Koskela;;Elias;;;;;;;;
125;55;72;17;4.24;Female;Young adult;1;Compact snow;Koskela;;Elias;;;;;;;;
126;59;76;17;4.24;Male;Elderly;3;Gritted ice;Ruskeasuo;;Elias;;;;;;;;
127;6;20;14;5.14;Male;Young adult;3;Gritted ice;Ruskeasuo;;Elias;;;;;;;;
128;54;78;24;3.00;Male;Elderly;3;Gritted ice;Ruskeasuo;;Elias;;;;;;;;
129;32;44;12;6.00;Male;Adult;3;Gritted ice;Ruskeasuo;;Elias;;;;;;;;
130;36;52;16;4.50;Female;Adult;3;Gritted ice;Ruskeasuo;;Elias;;;;;;;;
131;54;69;15;4.80;Female;Adult;3;Gritted ice;Ruskeasuo;;Elias;;;;;;;;
132;36;59;23;3.13;Male;Adult;3;Gritted ice;Ruskeasuo;;Elias;;;;;;;;
133;31;46;15;4.80;Female;Elderly;3;Gritted ice;Ruskeasuo;;Elias;;;;;;;;
134;23;42;19;3.79;Female;Adult;3;Gritted ice;Ruskeasuo;;Elias;;;;;;;;
135;23;43;20;3.60;Male;Adult;3;Gritted ice;Ruskeasuo;;Elias;;;;;;;;
136;35;53;18;4.00;Female;Adult;3;Gritted ice;Ruskeasuo;;Elias;;;;;;;;
137;15;30;15;4.80;Female;Adult;3;Gritted ice;Ruskeasuo;;Elias;;;;;;;;
138;46;61;15;4.80;Male;Elderly;3;Gritted ice;Ruskeasuo;with dog;Elias;;;;;;;;
139;13;39;26;2.77;Female;Elderly;3;Gritted ice;Ruskeasuo;with sticks;Elias;;;;;;;;
140;49;70;21;3.43;Male;Adult;3;Gritted ice;Ruskeasuo;;Elias;;;;;;;;
141;27;41;14;5.14;Male;Adult;3;Gritted ice;Ruskeasuo;;Elias;;;;;;;;
142;53;68;15;4.80;Male;Adult;3;Gritted ice;Ruskeasuo;;Elias;;;;;;;;
143;28;41;13;5.54;Female;Adult;3;Gritted ice;Ruskeasuo;;Elias;;;;;;;;
144;57;72;15;4.80;Male;Adult;3;Gritted ice;Ruskeasuo;;Elias;;;;;;;;
145;26;42;16;4.50;Female;Adult;3;Gritted ice;Ruskeasuo;;Elias;;;;;;;;
146;42;72;30;2.40;Female;Elderly;3;Gritted ice;Ruskeasuo;with dog;Elias;;;;;;;;
147;52;66;14;5.14;Female;Adult;3;Gritted ice;Ruskeasuo;;Elias;;;;;;;;
148;40;61;21;3.43;Female;Elderly;3;Gritted ice;Ruskeasuo;;Elias;;;;;;;;
149;16;41;25;2.88;Female;Elderly;3;Gritted ice;Ruskeasuo;;Elias;;;;;;;;
150;20;32;12;6.00;Male;Young adult;3;Gritted ice;Ruskeasuo;;Elias;;;;;;;;
151;4;23;19;3.79;Female;Young adult;3;Gritted ice;Ruskeasuo;;Elias;;;;;;;;
152;4;31;27;2.67;Female;Elderly;3;Gritted ice;Ruskeasuo;with sticks;Elias;;;;;;;;
153;58;76;18;4.00;Female;Adult;3;Gritted ice;Ruskeasuo;;Elias;;;;;;;;
154;14;28;14;5.14;Female;Adult;3;Gritted ice;Ruskeasuo;;Elias;;;;;;;;
155;19;38;19;3.79;Female;Elderly;3;Gritted ice;Ruskeasuo;;Elias;;;;;;;;
156;49;66;17;4.24;Male;Adult;3;Gritted ice;Ruskeasuo;with dog;Elias;;;;;;;;
157;22;39;17;4.24;Female;Adult;3;Gritted ice;Ruskeasuo;;Elias;;;;;;;;
158;6;25;19;3.79;Female;Elderly;3;Gritted ice;Ruskeasuo;;Elias;;;;;;;;
159;59;73;14;5.14;Male;Adult;3;Gritted ice;Ruskeasuo;;Elias;;;;;;;;
160;46;60;14;5.14;Female;Young adult;3;Gritted ice;Ruskeasuo;;Elias;;;;;;;;
161;21;35;14;5.14;Male;Young adult;3;Gritted ice;Ruskeasuo;;Elias;;;;;;;;
162;9;26;17;4.24;Male;Elderly;3;Gritted ice;Ruskeasuo;;Elias;;;;;;;;
163;44;57;13;5.54;Female;Adult;3;Gritted ice;Ruskeasuo;;Elias;;;;;;;;
164;13;47;34;2.12;Female;Elderly;3;Gritted ice;Ruskeasuo;with sticks;Elias;;;;;;;;
165;17;41;24;3.00;Female;Elderly;3;Gritted ice;Ruskeasuo;with sticks;Elias;;;;;;;;
166;10;26;16;4.50;Male;Adult;3;Gritted ice;Ruskeasuo;baby carriage ;Elias;;;;;;;;
167;10;27;17;4.24;Male;Adult;3;Gritted ice;Ruskeasuo;;Elias;;;;;;;;
168;42;56;14;5.14;Male;Adult;3;Gritted ice;Ruskeasuo;;Elias;;;;;;;;
169;20;35;15;4.80;Female;Young adult;3;Gritted ice;Ruskeasuo;;Elias;;;;;;;;
170;37;51;14;5.14;Female;Young adult;3;Gritted ice;Ruskeasuo;;Elias;;;;;;;;
171;42;59;17;4.24;Female;Adult;3;Gritted ice;Ruskeasuo;;Elias;;;;;;;;
172;23;37;14;5.14;Female;Adult;3;Gritted ice;Ruskeasuo;;Elias;;;;;;;;
173;13;34;21;3.43;Female;Adult;3;Gritted ice;Ruskeasuo;;Elias;;;;;;;;
174;10;26;16;4.50;Female;Young adult;3;Gritted ice;Ruskeasuo;;Elias;;;;;;;;
175;6;18;12;6.00;Female;Elderly;3;Gritted ice;Ruskeasuo;;Elias;;;;;;;;
176;21;42;21;3.43;Male;Adult;3;Gritted ice;Ruskeasuo;;Elias;;;;;;;;
177;53;74;21;3.43;Male;Elderly;3;Gritted ice;Ruskeasuo;;Elias;;;;;;;;
178;30;43;13;5.54;Male;Young adult;3;Gritted ice;Ruskeasuo;;Elias;;;;;;;;
179;53;71;18;4.00;Female;Adult;3;Gritted ice;Ruskeasuo;;Elias;;;;;;;;
180;27;45;18;4.00;Male;Adult;3;Gritted ice;Ruskeasuo;;Elias;;;;;;;;
181;28;46;18;4.00;Male;Elderly;3;Gritted ice;Ruskeasuo;;Elias;;;;;;;;
182;36;65;29;2.48;Female;Elderly;3;Gritted ice;Ruskeasuo;;Elias;;;;;;;;
183;47;70;23;3.13;Male;Elderly;3;Gritted ice;Ruskeasuo;;Elias;;;;;;;;
184;41;65;24;3.00;Female;Elderly;3;Gritted ice;Ruskeasuo;with sticks;Elias;;;;;;;;
185;;;14;5.142857143;Female;Elderly;2;2-8cm snow;Toukolankatu, NW;;Christoph;;;;;;;;
186;;;14;5.333333333;Female;Adult;2;2-8cm snow;Toukolankatu, NW;;Christoph;;;;;;;;
187;;;12;6.050420168;Female;Adult;2;2-8cm snow;Toukolankatu, NW;;Christoph;;;;;;;;
188;;;15;4.897959184;Male;Adult;2;2-8cm snow;Toukolankatu, NW;;Christoph;;;;;;;;
189;;;16;4.64516129;Female;Elderly;2;2-8cm snow;Toukolankatu, NW;;Christoph;;;;;;;;
190;;;17;4.311377246;Female;Elderly;2;2-8cm snow;Toukolankatu, NW;;Christoph;;;;;;;;
191;;;13;5.373134328;Female;Elderly;2;2-8cm snow;Toukolankatu, NW;;Christoph;;;;;;;;
192;;;17;4.311377246;Female;Adult;2;2-8cm snow;Toukolankatu, NW;;Christoph;;;;;;;;
193;;;14;5.255474453;Female;Adult;2;2-8cm snow;Toukolankatu, NW;;Christoph;;;;;;;;
194;;;18;4;Female;Elderly;2;2-8cm snow;Toukolankatu, NW;;Christoph;;;;;;;;
195;;;18;4;Female;Elderly;2;2-8cm snow;Toukolankatu, NW;;Christoph;;;;;;;;
196;;;15;4.768211921;Male;Adult;2;2-8cm snow;Toukolankatu, NW;;Christoph;;;;;;;;
197;;;12;5.853658537;Male;Adult;2;2-8cm snow;Toukolankatu, NW;;Christoph;;;;;;;;
198;;;13;5.496183206;Female;Adult;2;2-8cm snow;Toukolankatu, NW;pram;Christoph;;;;;;;;
199;;;23;3.157894737;Female;Elderly;2;2-8cm snow;Toukolankatu, NW;shopping trolley;Christoph;;;;;;;;
200;;;13;5.496183206;Female;Adult;2;2-8cm snow;Toukolankatu, NW;;Christoph;;;;;;;;
201;;;11;6.857142857;Male;Adult;2;2-8cm snow;Toukolankatu, NW;;Christoph;;;;;;;;
202;;;11;6.428571429;Female;Elderly;2;2-8cm snow;Toukolankatu, NW;;Christoph;;;;;;;;
203;;;17;4.285714286;Female;Adult;2;2-8cm snow;Toukolankatu, NW;;Christoph;;;;;;;;
204;;;23;3.2;Male;Adult;2;2-8cm snow;Toukolankatu, NW;;Christoph;;;;;;;;
205;;;14;5.179856115;Female;Adult;2;2-8cm snow;Toukolankatu, NW;;Christoph;;;;;;;;
206;;;14;5.070422535;Male;Adult;2;2-8cm snow;Toukolankatu, NW;;Christoph;;;;;;;;
207;;;21;3.47826087;Male;Adult;2;2-8cm snow;Toukolankatu, NW;;Christoph;;;;;;;;
208;;;16;4.5;Female;Elderly;2;2-8cm snow;Toukolankatu, NW;;Christoph;;;;;;;;
209;;;18;4;Female;Adult;2;2-8cm snow;Toukolankatu, NW;;Christoph;;;;;;;;
210;;;10;6.923076923;Male;Adult;2;2-8cm snow;Toukolankatu, NW;;Christoph;;;;;;;;
211;;;19;3.85026738;Male;Elderly;2;2-8cm snow;Toukolankatu, NW;;Christoph;;;;;;;;
212;;;14;5.294117647;Male;Adult;2;2-8cm snow;Toukolankatu, NW;;Christoph;;;;;;;;
213;;;12;5.901639344;Female;Adult;2;2-8cm snow;Toukolankatu, NW;pram;Christoph;;;;;;;;
214;;;15;4.675324675;Male;Adult;2;2-8cm snow;Toukolankatu, NW;;Christoph;;;;;;;;
215;;;15;4.675324675;Female;Adult;2;2-8cm snow;Toukolankatu, NW;;Christoph;;;;;;;;
216;;;21;3.396226415;Female;Adult;2;2-8cm snow;Toukolankatu, NW;;Christoph;;;;;;;;
217;;;9;8.372093023;Male;Adult;2;2-8cm snow;Toukolankatu, NW;;Christoph;;;;;;;;
218;;;16;4.556962025;Male;Adult;2;2-8cm snow;Toukolankatu, NW;;Christoph;;;;;;;;
219;;;17;4.363636364;Female;Adult;2;2-8cm snow;Toukolankatu, NW;;Christoph;;;;;;;;
220;;;16;4.444444444;Female;Adult;2;2-8cm snow;Toukolankatu, NW;;Christoph;;;;;;;;
221;;;16;4.528301887;Male;Adult;2;2-8cm snow;Toukolankatu, NW;;Christoph;;;;;;;;
222;;;22;3.333333333;Female;Elderly;2;2-8cm snow;Toukolankatu, NW;;Christoph;;;;;;;;
223;;;17;4.161849711;Female;Elderly;2;2-8cm snow;Toukolankatu, NW;;Christoph;;;;;;;;
224;;;13;5.496183206;Female;Elderly;2;2-8cm snow;Toukolankatu, NW;;Christoph;;;;;;;;
225;;;16;4.64516129;Female;Adult;2;2-8cm snow;Toukolankatu, NW;;Christoph;;;;;;;;
226;;;17;4.285714286;Female;Adult;2;2-8cm snow;Toukolankatu, NW;;Christoph;;;;;;;;
227;;;18;3.913043478;Male;Elderly;2;Compact Snow;Toukolankatu, NW;;Christoph;;;;;;;;
228;;;18;3.913043478;Female;Elderly;2;Compact Snow;Toukolankatu, NW;;Christoph;;;;;;;;
229;;;13;5.454545455;Male;Adult;2;Compact Snow;Toukolankatu, NW;;Christoph;;;;;;;;
230;;;13;5.496183206;Female;Adult;2;Compact Snow;Toukolankatu, NW;pram;Christoph;;;;;;;;
231;;;14;5.142857143;Male;Adult;2;Compact Snow;Toukolankatu, NW;;Christoph;;;;;;;;
232;;;14;5.217391304;Female;Elderly;2;Compact Snow;Toukolankatu, NW;;Christoph;;;;;;;;
233;;;14;5.217391304;Male;Elderly;2;Compact Snow;Toukolankatu, NW;;Christoph;;;;;;;;
234;;;15;4.832214765;Female;Elderly;2;Compact Snow;Toukolankatu, NW;;Christoph;;;;;;;;
235;;;13;5.413533835;Male;Adult;2;Compact Snow;Toukolankatu, NW;;Christoph;;;;;;;;
236;;;18;3.956043956;Female;Adult;2;Compact Snow;Toukolankatu, NW;;Christoph;;;;;;;;
237;;;16;4.472049689;Male;Elderly;2;Compact Snow;Toukolankatu, NW;shopping trolley;Christoph;;;;;;;;
238;;;16;4.472049689;Female;Elderly;2;Compact Snow;Toukolankatu, NW;shopping trolley;Christoph;;;;;;;;
239;;;18;4.022346369;Male;Elderly;2;Compact Snow;Toukolankatu, NW;;Christoph;;;;;;;;
240;;;13;5.581395349;Female;Adult;2;Compact Snow;Toukolankatu, NW;;Christoph;;;;;;;;
241;;;18;4;Female;Adult;2;Compact Snow;Toukolankatu, NW;;Christoph;;;;;;;;
242;;;15;4.965517241;Female;Adult;2;Compact Snow;Toukolankatu, NW;;Christoph;;;;;;;;
243;;;12;5.806451613;Female;Adult;4;2-8cm snow;Arabianranta, Kindergarden;pram;Christoph;;;;;;;;
244;;;12;5.806451613;Male;Adult;4;2-8cm snow;Arabianranta, Kindergarden;pram;Christoph;;;;;;;;
245;;;13;5.454545455;Female;Adult;4;2-8cm snow;Arabianranta, Kindergarden;;Christoph;;;;;;;;
246;;;17;4.311377246;Male;Elderly;4;2-8cm snow;Arabianranta, Kindergarden;;Christoph;;;;;;;;
247;;;17;4.311377246;Female;Elderly;4;2-8cm snow;Arabianranta, Kindergarden;;Christoph;;;;;;;;
248;;;12;5.806451613;Male;Adult;4;2-8cm snow;Arabianranta, Kindergarden;;Christoph;;;;;;;;
249;;;23;3.116883117;Male;Adult;4;2-8cm snow;Arabianranta, Kindergarden;stopped to watch scenery;Christoph;;;;;;;;
250;;;22;3.243243243;Female;Adult;4;2-8cm snow;Arabianranta, Kindergarden;stopped to take photo;Christoph;;;;;;;;
251;;;20;3.654822335;Female;Elderly;4;2-8cm snow;Arabianranta, Kindergarden;hiking sticks;Christoph;;;;;;;;
252;;;16;4.444444444;Female;Elderly;4;2-8cm snow;Arabianranta, Kindergarden;;Christoph;;;;;;;;
253;;;16;4.417177914;Male;Adult;4;2-8cm snow;Arabianranta, Kindergarden;dog;Christoph;;;;;;;;
254;;;15;4.705882353;Female;Adult;4;2-8cm snow;Arabianranta, Kindergarden;;Christoph;;;;;;;;
255;;;15;4.864864865;Female;Adult;4;2-8cm snow;Arabianranta, Kindergarden;dogs;Christoph;;;;;;;;
256;;;13;5.625;Female;Young adult;4;2-8cm snow;Arabianranta, Kindergarden;;Christoph;;;;;;;;
257;;;13;5.625;Male;Young adult;4;2-8cm snow;Arabianranta, Kindergarden;;Christoph;;;;;;;;
258;;;17;4.210526316;Female;Adult;4;2-8cm snow;Arabianranta, Kindergarden;;Christoph;;;;;;;;
259;;;11;6.428571429;Female;Adult;4;2-8cm snow;Arabianranta, Kindergarden;;Christoph;;;;;;;;
260;;;30;2.38410596;Female;Elderly;4;2-8cm snow;Arabianranta, Kindergarden;;Christoph;;;;;;;;
261;;;11;6.728971963;Male;Kid;4;2-8cm snow;Arabianranta, Kindergarden;;Christoph;;;;;;;;
262;;;14;5.255474453;Female;Adult;4;2-8cm snow;Arabianranta, Kindergarden;;Christoph;;;;;;;;
263;;;14;5.142857143;Male;Adult;4;2-8cm snow;Arabianranta, Kindergarden;;Christoph;;;;;;;;
265;;;16;4.444444444;Female;Adult;4;2-8cm snow;Arabianranta, Kindergarden;;Christoph;;;;;;;;
266;;;14;5.255474453;Male;Adult;4;2-8cm snow;Arabianranta, Kindergarden;;Christoph;;;;;;;;
267;;;15;4.864864865;Female;Adult;4;2-8cm snow;Arabianranta, Kindergarden;;Christoph;;;;;;;;
268;;;15;4.864864865;Female;Elderly;4;2-8cm snow;Arabianranta, Kindergarden;;Christoph;;;;;;;;
269;;;18;3.956043956;Male;Young adult;4;2-8cm snow;Arabianranta, Kindergarden;;Christoph;;;;;;;;
270;;;18;3.956043956;Female;Elderly;4;2-8cm snow;Arabianranta, Kindergarden;;Christoph;;;;;;;;
271;;;12;5.853658537;Male;Kid;4;2-8cm snow;Arabianranta, Kindergarden;;Christoph;;;;;;;;
272;;;15;4.768211921;Female;Adult;4;2-8cm snow;Arabianranta, Kindergarden;;Christoph;;;;;;;;
273;;;15;4.864864865;Male;Adult;4;2-8cm snow;Arabianranta, Kindergarden;;Christoph;;;;;;;;
274;;;15;4.864864865;Male;Adult;4;2-8cm snow;Arabianranta, Kindergarden;;Christoph;;;;;;;;
275;;;13;5.538461538;Female;Adult;4;2-8cm snow;Arabianranta, Kindergarden;;Christoph;;;;;;;;
276;;;19;3.730569948;Female;Adult;4;2-8cm snow;Arabianranta, Kindergarden;;Christoph;;;;;;;;
277;;;19;3.730569948;Male;Kid;4;2-8cm snow;Arabianranta, Kindergarden;;Christoph;;;;;;;;
278;;;15;4.8;Male;Adult;4;2-8cm snow;Arabianranta, Kindergarden;;Christoph;;;;;;;;
279;;;16;4.528301887;Male;Young adult;4;2-8cm snow;Arabianranta, Kindergarden;;Christoph;;;;;;;;
280;;;13;5.669291339;Female;Elderly;4;2-8cm snow;Arabianranta, Kindergarden;;Christoph;;;;;;;;
281;;;14;5.294117647;Male;Adult;4;2-8cm snow;Arabianranta, Kindergarden;;Christoph;;;;;;;;
282;;;19;3.789473684;Male;Adult;4;2-8cm snow;Arabianranta, Kindergarden;;Christoph;;;;;;;;
283;;;24;3.063829787;Female;Elderly;4;2-8cm snow;Arabianranta, Kindergarden;;Christoph;;;;;;;;
284;;;16;4.444444444;Female;Elderly;4;2-8cm snow;Arabianranta, Kindergarden;;Christoph;;;;;;;;
285;;;18;4.114285714;Female;Adult;4;2-8cm snow;Arabianranta, Kindergarden;;Christoph;;;;;;;;
286;;;15;4.864864865;Male;Kid;4;2-8cm snow;Arabianranta, Kindergarden;;Christoph;;;;;;;;
287;;;14;5.333333333;Male;Adult;4;2-8cm snow;Arabianranta, Kindergarden;pram;Christoph;;;;;;;;
288;;;18;4.090909091;Male;Elderly;4;2-8cm snow;Arabianranta, Kindergarden;;Christoph;;;;;;;;
289;;;18;4.090909091;Female;Elderly;4;2-8cm snow;Arabianranta, Kindergarden;;Christoph;;;;;;;;
290;;;14;5.333333333;Female;Adult;4;2-8cm snow;Arabianranta, Kindergarden;;Christoph;;;;;;;;
291;;;13;5.669291339;Male;Adult;4;2-8cm snow;Arabianranta, Kindergarden;;Christoph;;;;;;;;
292;;;13;5.669291339;Female;Adult;4;2-8cm snow;Arabianranta, Kindergarden;;Christoph;;;;;;;;
293;;;14;5.142857143;Male;Adult;4;2-8cm snow;Arabianranta, Kindergarden;;Christoph;;;;;;;;
294;;;18;4;Female;Elderly;1;Compact Snow;Koskelantie, S;;Christoph;;;;;;;;
295;;;17;4.235294118;Male;Elderly;1;Compact Snow;Koskelantie, S;;Christoph;;;;;;;;
296;;;12;6;Female;Adult;1;Compact Snow;Koskelantie, S;pram;Christoph;;;;;;;;
297;;;16;4.556962025;Male;Elderly;1;Compact Snow;Koskelantie, S;;Christoph;;;;;;;;
298;;;14;5;Male;Adult;1;Compact Snow;Koskelantie, S;;Christoph;;;;;;;;
299;;;14;5.217391304;Male;Elderly;1;Compact Snow;Koskelantie, S;;Christoph;;;;;;;;
300;;;14;5.142857143;Male;Adult;1;Compact Snow;Koskelantie, S;;Christoph;;;;;;;;
301;;;15;4.897959184;Male;Adult;1;Compact Snow;Koskelantie, S;;Christoph;;;;;;;;
302;;;14;5.217391304;Male;Elderly;1;Compact Snow;Koskelantie, S;;Christoph;;;;;;;;
303;;;16;4.444444444;Male;Adult;4;Compact Snow;Koskelantie, centre lane;;Christoph;;;;;;;;
304;;;14;5.333333333;Female;Adult;1;Compact Snow;Koskelantie, S;;Christoph;;;;;;;;
305;;;14;5.333333333;Male;Adult;1;Compact Snow;Koskelantie, S;;Christoph;;;;;;;;
306;;;13;5.625;Male;Adult;1;Compact Snow;Koskelantie, S;;Christoph;;;;;;;;
307;;;19;3.789473684;Female;Elderly;1;Compact Snow;Koskelantie, S;;Christoph;;;;;;;;
308;;;12;6.260869565;Male;Adult;1;Compact Snow;Koskelantie, S;;Christoph;;;;;;;;
309;;;15;4.965517241;Male;Adult;1;Compact Snow;Koskelantie, S;;Christoph;;;;;;;;
310;;;13;5.625;Female;Adult;1;Compact Snow;Koskelantie, S;;Christoph;;;;;;;;
311;;;12;6;Male;Adult;4;Compact Snow;Koskelantie, centre lane;;Christoph;;;;;;;;
312;;;21;3.428571429;Male;Elderly;1;Compact Snow;Koskelantie, S;pulling pulkka with kid;Christoph;;;;;;;;
313;;;21;3.428571429;Female;Elderly;1;Compact Snow;Koskelantie, S;pulling pulkka with kid;Christoph;;;;;;;;
314;;;17;4.285714286;Female;Kid;1;Compact Snow;Koskelantie, S;;Christoph;;;;;;;;
315;;;10;7.128712871;Female;Adult;1;Compact Snow;Koskelantie, S;;Christoph;;;;;;;;
316;;;11;6.545454545;Male;Adult;1;Compact Snow;Koskelantie, S;;Christoph;;;;;;;;
317;;;11;6.545454545;Female;Adult;1;Compact Snow;Koskelantie, S;;Christoph;;;;;;;;
318;;;13;5.413533835;Female;Adult;1;Compact Snow;Koskelantie, S;;Christoph;;;;;;;;
319;;;22;3.348837209;Male;Elderly;1;Compact Snow;Koskelantie, S;hiking sticks;Christoph;;;;;;;;
320;;;13;5.538461538;Female;Adult;1;Compact Snow;Koskelantie, S;;Christoph;;;;;;;;
321;;;15;4.8;Male;Adult;1;Compact Snow;Koskelantie, S;;Christoph;;;;;;;;
322;;;19;3.75;Male;Adult;1;Compact Snow;Koskelantie, S;carrying kid;Christoph;;;;;;;;
323;;;11;6.545454545;Female;Elderly;1;Compact Snow;Koskelantie, S;;Christoph;;;;;;;;
324;;;13;5.373134328;Male;Adult;1;Compact Snow;Koskelantie, S;;Christoph;;;;;;;;
325;;;14;5.333333333;Male;Adult;1;Compact Snow;Koskelantie, S;;Christoph;;;;;;;;
326;;;14;5.142857143;Male;Adult;1;Compact Snow;Koskelantie, S;;Christoph;;;;;;;;
327;;;13;5.538461538;Female;Adult;1;Compact Snow;Koskelantie, S;;Christoph;;;;;;;;
328;;;17;4.161849711;Female;Elderly;1;Compact Snow;Koskelantie, S;hiking sticks;Christoph;;;;;;;;
329;;;12;5.853658537;Female;Adult;1;Compact Snow;Koskelantie, S;;Christoph;;;;;;;;
330;;;15;4.8;Female;Young adult;1;Compact Snow;Koskelantie, S;;Christoph;;;;;;;;
331;;;19;3.730569948;Female;Adult;1;Compact Snow;Koskelantie, S;;Christoph;;;;;;;;
332;;;19;3.730569948;Male;Kid;1;Compact Snow;Koskelantie, S;;Christoph;;;;;;;;
333;;;12;5.853658537;Male;Adult;1;Compact Snow;Koskelantie, S;;Christoph;;;;;;;;
334;;;17;4.186046512;Male;Elderly;1;Compact Snow;Koskelantie, S;hiking sticks;Christoph;;;;;;;;
335;;;17;4.186046512;Female;Elderly;1;Compact Snow;Koskelantie, S;;Christoph;;;;;;;;
336;;;21;3.38028169;Female;Elderly;1;Compact Snow;Koskelantie, S;;Christoph;;;;;;;;
337;;;16;4.5;Female;Elderly;1;Compact Snow;Koskelantie, S;;Christoph;;;;;;;;
338;;;19;3.789473684;Female;Kid;1;Compact Snow;Koskelantie, S;pulling pulkka;Christoph;;;;;;;;
339;;;18;3.977900552;Female;Elderly;3;Compact Snow;Ratsastie, Ruskeasuo;sticks;Elias;;;;;;;;
340;;;14;5.22;Female;Adult;3;Compact Snow;Ratsastie, Ruskeasuo;;Elias;;;;;;;;
341;;;16;4.50;Male;Elderly;3;Compact Snow;Ratsastie, Ruskeasuo;;Elias;;;;;;;;
342;;;14;5.14;Female;Elderly;3;Compact Snow;Ratsastie, Ruskeasuo;;Elias;;;;;;;;
343;;;13;5.54;Male;Adult;3;Compact Snow;Ratsastie, Ruskeasuo;;Elias;;;;;;;;
344;;;12;6.00;Male;Adult;3;Compact Snow;Ratsastie, Ruskeasuo;;Elias;;;;;;;;
345;;;13;5.54;Male;Adult;3;Compact Snow;Ratsastie, Ruskeasuo;;Elias;;;;;;;;
346;;;15;4.80;Male;Adult;3;Compact Snow;Ratsastie, Ruskeasuo;;Elias;;;;;;;;
347;;;14;5.14;Female;Adult;3;Compact Snow;Ratsastie, Ruskeasuo;;Elias;;;;;;;;
348;;;16;4.50;Male;Adult;3;Compact Snow;Ratsastie, Ruskeasuo;;Elias;;;;;;;;
349;;;15;4.80;Female;Adult;3;Compact Snow;Ratsastie, Ruskeasuo;skies;Elias;;;;;;;;
350;;;18;4.00;Female;Elderly;3;Compact Snow;Ratsastie, Ruskeasuo;dog;Elias;;;;;;;;
351;;;13;5.54;Female;Young adult;3;Compact Snow;Ratsastie, Ruskeasuo;;Elias;;;;;;;;
352;;;13;5.54;Male;Adult;3;Compact Snow;Ratsastie, Ruskeasuo;;Elias;;;;;;;;
353;;;17;4.24;Female;Elderly;3;Compact Snow;Ratsastie, Ruskeasuo;sticks;Elias;;;;;;;;
354;;;16;4.50;Female;Adult;3;Compact Snow;Ratsastie, Ruskeasuo;;Elias;;;;;;;;
355;;;17;4.24;Male;Adult;3;Compact Snow;Ratsastie, Ruskeasuo;sticks;Elias;;;;;;;;
356;;;15;4.80;Female;Young adult;3;Compact Snow;Ratsastie, Ruskeasuo;skies;Elias;;;;;;;;
357;;;16;4.50;Male;Adult;3;Compact Snow;Ratsastie, Ruskeasuo;;Elias;;;;;;;;
358;;;13;5.54;Female;Adult;3;Compact Snow;Ratsastie, Ruskeasuo;;Elias;;;;;;;;
359;;;14;5.14;Male;Adult;3;Compact Snow;Ratsastie, Ruskeasuo;baby carriage ;Elias;;;;;;;;
360;;;14;5.14;Male;Adult;3;Compact Snow;Ratsastie, Ruskeasuo;;Elias;;;;;;;;
361;;;13;5.54;Male;Adult;3;Compact Snow;Ratsastie, Ruskeasuo;;Elias;;;;;;;;
362;;;19;3.79;Female;Adult;3;Compact Snow;Ratsastie, Ruskeasuo;skies;Elias;;;;;;;;
363;;;17;4.24;Female;Adult;3;Compact Snow;Ratsastie, Ruskeasuo;;Elias;;;;;;;;
364;;;17;4.24;Male;Adult;3;Compact Snow;Ratsastie, Ruskeasuo;;Elias;;;;;;;;
365;;;12;6.00;Male;Adult;3;Compact Snow;Ratsastie, Ruskeasuo;;Elias;;;;;;;;
366;;;17;4.24;Female;Elderly;3;Compact Snow;Ratsastie, Ruskeasuo;;Elias;;;;;;;;
367;;;14;5.14;Male;Adult;3;Compact Snow;Ratsastie, Ruskeasuo;dog;Elias;;;;;;;;
368;;;12;6.00;Male;Adult;3;Compact Snow;Ratsastie, Ruskeasuo;;Elias;;;;;;;;
369;;;14;5.14;Female;Adult;3;Compact Snow;Ratsastie, Ruskeasuo;;Elias;;;;;;;;
370;;;17;4.24;Male;Adult;3;Compact Snow;Ratsastie, Ruskeasuo;baby carriage ;Elias;;;;;;;;
371;;;15;4.80;Female;Adult;3;Compact Snow;Ratsastie, Ruskeasuo;;Elias;;;;;;;;
372;;;11;6.55;Female;Adult;3;Compact Snow;Ratsastie, Ruskeasuo;;Elias;;;;;;;;
373;;;15;4.80;Female;Young adult;3;Compact Snow;Ratsastie, Ruskeasuo;;Elias;;;;;;;;
374;;;14;5.14;Male;Adult;3;Compact Snow;Ratsastie, Ruskeasuo;;Elias;;;;;;;;
375;;;14;5.14;Female;Young adult;3;Compact Snow;Ratsastie, Ruskeasuo;;Elias;;;;;;;;
376;;;15;4.80;Female;Adult;3;Compact Snow;Ratsastie, Ruskeasuo;;Elias;;;;;;;;
377;;;16;4.50;Female;Young adult;3;Compact Snow;Ratsastie, Ruskeasuo;;Elias;;;;;;;;
378;;;20;3.60;Female;Elderly;3;Compact Snow;Ratsastie, Ruskeasuo;;Elias;;;;;;;;
379;;;14;5.14;Male;Adult;3;Compact Snow;Ratsastie, Ruskeasuo;;Elias;;;;;;;;
380;;;18;4.00;Female;Elderly;3;Compact Snow;Ratsastie, Ruskeasuo;;Elias;;;;;;;;
381;;;16;4.50;Male;Adult;3;Compact Snow;Ratsastie, Ruskeasuo;;Elias;;;;;;;;
382;;;11;6.55;Female;Adult;3;Compact Snow;Ratsastie, Ruskeasuo;;Elias;;;;;;;;
383;;;11;6.55;Female;Adult;3;Compact Snow;Ratsastie, Ruskeasuo;;Elias;;;;;;;;
384;;;11;6.55;Female;Young adult;3;Compact Snow;Ratsastie, Ruskeasuo;;Elias;;;;;;;;
385;;;9;8.00;Male;Adult;3;Compact Snow;Ratsastie, Ruskeasuo;;Elias;;;;;;;;
434;;;17;4.235294118;Female;Elderly;;2-8cm snow;Eläintarhantie 3;;Elias;;;;;;;;
435;;;15;4.864864865;Female;Adult;;2-8cm snow;Eläintarhantie 3;;Elias;;;;;;;;
436;;;17;4.363636364;Male;Elderly;;2-8cm snow;Eläintarhantie 3;sticks;Elias;;;;;;;;
437;;;14;5.106382979;Female;Adult;;2-8cm snow;Eläintarhantie 3;;Elias;;;;;;;;
438;;;15;4.8;Female;Elderly;;2-8cm snow;Eläintarhantie 3;;Elias;;;;;;;;
439;;;20;3.692307692;Female;Elderly;;2-8cm snow;Eläintarhantie 3;;Elias;;;;;;;;
440;;;16;4.585987261;Female;Elderly;;2-8cm snow;Eläintarhantie 3;;Elias;;;;;;;;
441;;;15;4.736842105;Male;Adult;;2-8cm snow;Eläintarhantie 3;;Elias;;;;;;;;
442;;;14;5.255474453;Female;Adult;;2-8cm snow;Eläintarhantie 3;;Elias;;;;;;;;
443;;;18;3.913043478;Female;Elderly;;2-8cm snow;Eläintarhantie 3;;Elias;;;;;;;;
444;;;17;4.186046512;Female;Adult;;2-8cm snow;Eläintarhantie 3;baby carriage;Elias;;;;;;;;
445;;;17;4.26035503;Female;Young adult;;2-8cm snow;Eläintarhantie 3;phone;Elias;;;;;;;;
446;;;19;3.789473684;Female;Adult;;2-8cm snow;Eläintarhantie 3;;Elias;;;;;;;;
447;;;14;5.106382979;Female;Young adult;;2-8cm snow;Eläintarhantie 3;;Elias;;;;;;;;
448;;;15;4.736842105;Male;Adult;;2-8cm snow;Eläintarhantie 3;;Elias;;;;;;;;
449;;;15;4.965517241;Male;Adult;;2-8cm snow;Eläintarhantie 3;baby carriage;Elias;;;;;;;;
450;;;13;5.581395349;Male;Adult;;2-8cm snow;Eläintarhantie 3;;Elias;;;;;;;;
451;;;13;5.373134328;Female;Adult;;2-8cm snow;Eläintarhantie 3;;Elias;;;;;;;;
452;;;13;5.714285714;Male;Adult;;2-8cm snow;Eläintarhantie 3;;Elias;;;;;;;;
453;;;14;5.034965035;Male;Adult;;2-8cm snow;Eläintarhantie 3;;Elias;;;;;;;;
454;;;12;5.853658537;Female;Adult;;2-8cm snow;Eläintarhantie 3;;Elias;;;;;;;;
455;;;16;4.417177914;Male;Adult;;2-8cm snow;Eläintarhantie 3;;Elias;;;;;;;;
456;;;14;5.217391304;Female;Adult;;2-8cm snow;Eläintarhantie 3;;Elias;;;;;;;;
457;;;13;5.373134328;Male;Adult;;2-8cm snow;Eläintarhantie 3;;Elias;;;;;;;;
458;;;14;5;Male;Adult;;2-8cm snow;Eläintarhantie 3;;Elias;;;;;;;;
459;;;13;5.413533835;Male;Adult;;2-8cm snow;Eläintarhantie 3;;Elias;;;;;;;;
460;;;18;4.04494382;Female;Adult;;2-8cm snow;Eläintarhantie 3;;Elias;;;;;;;;
461;;;16;4.528301887;Female;Adult;;2-8cm snow;Eläintarhantie 3;;Elias;;;;;;;;
462;;;12;6.050420168;Male;Adult;;2-8cm snow;Eläintarhantie 3;;Elias;;;;;;;;
463;;;13;5.373134328;Female;Adult;;2-8cm snow;Eläintarhantie 3;;Elias;;;;;;;;
464;;;17;4.363636364;Female;Adult;;2-8cm snow;Eläintarhantie 3;;Elias;;;;;;;;
465;;;14;5.106382979;Female;Elderly;;2-8cm snow;Eläintarhantie 3;;Elias;;;;;;;;
466;;;20;3.618090452;Male;Adult;;2-8cm snow;Eläintarhantie 3;;Elias;;;;;;;;
467;;;14;5.034965035;Female;Adult;;2-8cm snow;Eläintarhantie 3;;Elias;;;;;;;;
468;;;14;5.142857143;Male;Adult;;2-8cm snow;Eläintarhantie 3;;Elias;;;;;;;;
469;;;14;5.333333333;Female;Adult;;2-8cm snow;Eläintarhantie 3;;Elias;;;;;;;;
470;;;15;4.8;Male;Adult;;2-8cm snow;Eläintarhantie 3;;Elias;;;;;;;;
471;;;13;5.714285714;Male;Adult;;2-8cm snow;Eläintarhantie 3;;Elias;;;;;;;;
472;;;12;6.101694915;Male;Adult;;2-8cm snow;Eläintarhantie 3;;Elias;;;;;;;;
473;;;15;4.897959184;Female;Elderly;;2-8cm snow;Eläintarhantie 3;;Elias;;;;;;;;
474;;;16;4.417177914;Male;Elderly;;2-8cm snow;Eläintarhantie 3;sticks;Elias;;;;;;;;
475;;;15;4.8;Female;Adult;;2-8cm snow;Eläintarhantie 3;;Elias;;;;;;;;
476;;;14;5.142857143;Male;Adult;;2-8cm snow;Eläintarhantie 3;;Elias;;;;;;;;
477;;;12;6.153846154;Male;Adult;;2-8cm snow;Eläintarhantie 3;;Elias;;;;;;;;
478;;;20;3.618090452;Female;Elderly;;2-8cm snow;Eläintarhantie 3;;Elias;;;;;;;;
479;;;14;5.142857143;Male;Young adult;;2-8cm snow;Eläintarhantie 3;;Elias;;;;;;;;
480;;;14;5.106382979;Male;Adult;;2-8cm snow;Eläintarhantie 3;;Elias;;;;;;;;
481;;;20;3.582089552;Female;Elderly;;2-8cm snow;Eläintarhantie 3;;Elias;;;;;;;;
482;;;14;5.179856115;Female;Adult;;2-8cm snow;Eläintarhantie 3;;Elias;;;;;;;;
483;;;19;3.789473684;Male;Adult;;2-8cm snow;Eläintarhantie 3;;Elias;;;;;;;;
484;;;13;5.454545455;Male;Adult;;2-8cm snow;Eläintarhantie 3;;Elias;;;;;;;;
485;;;16;4.615384615;Female;Adult;;2-8cm snow;Eläintarhantie 3;;Elias;;;;;;;;
486;;;15;4.705882353;Male;Adult;;2-8cm snow;Eläintarhantie 3;;Elias;;;;;;;;
;;;;;;;;;;;;;;;;;;;
;;;;;;;;;;;;;;;;;;;
;;;;;;;;;;;;;;;;;;;
